id_skolky;nazev_webovy;ulice;mesto;psc;kraj;lat;lng;tag;url_page;typ_webovy_1;vek;Typ postizeni;mail;web;kontakt
67;91. mateřská škola Plzeň;Jesenická 11;Plzeň;32300;pl;49.77891540527344;13.37247848510742;rejstříková;91-materska-skola-plzen-jesenicka-11-plzen;Městská;;;;;
76;Centrum BAZALKA - Základní škola speciální a Mateřská škola speciální;U Jeslí 198/13;České Budějovice;37001;jc;48.97721862792969;14.49364376068115;rejstříková;centrum-bazalka-zakladni-skola-specialni-a-materska-skola-specialni-u-jesli-198-13-ceske-budejovice;Soukromá;;;;;
94;Dětské integrační centrum a mateřská škola;Hurbanova 1285;Praha 4;14200;ph;50.02416229248047;14.45419692993164;rejstříková;detske-integracni-centrum-a-materska-skola-hurbanova-1285-praha-4;Soukromá;;;;;
95;Dětský diagnostický ústav a SVP Liberec;U Opatrovny 3;Liberec;46001;lb;50.76175308227539;15.05540275573730;rejstříková;detsky-diagnosticky-ustav-a-svp-liberec-u-opatrovny-3-liberec;Státní MŠMT;;;;;
96;Dětský domov a Mateřská škola speciální;Mládeže 1102;Beroun;26601;sc;49.95432662963867;14.05029964447021;rejstříková;detsky-domov-a-materska-skola-specialni-mladeze-1102-beroun;Veřejná;;;;;
97;Dětský domov a Mateřská škola;třída Masarykova 246;Broumov;55001;hk;50.58855056762695;16.32771301269531;rejstříková;detsky-domov-a-materska-skola-trida-masarykova-246-broumov;Veřejná;;;;;
98;Dětský domov, Mateřská a Základní škola;Lazy 3695;Zlín;76001;zl;49.22036361694336;17.67644119262695;rejstříková;detsky-domov-materska-a-zakladni-skola-lazy-3695-zlin;Veřejná;;;;;
99;Dětský domov, Mateřská a Základní škola;Šobrova 111;Písek;39701;jc;49.30418395996094;14.16529941558838;rejstříková;detsky-domov-materska-a-zakladni-skola-sobrova-111-pisek;Veřejná;;;;;
100;Dětský domov, Mateřská a Základní škola;;Krompach 47;47157;lb;50.82828903198242;14.70244598388672;rejstříková;detsky-domov-materska-a-zakladni-skola-krompach-47;Obecní;;;;;
106;Fakultní mateřská škola se speciální péčí;Arabská 20/681;Praha 6 - Vokovice;16000;ph;50.09856414794922;14.35748767852783;rejstříková;fakultni-materska-skola-se-specialni-peci-arabska-20-681-praha-6-vokovice;Městská;;;;;
113;Gymnázium, základní škola a Mateřská škola pro sluchově postižené;Ječná 27/530;Praha 2;12000;ph;50.07585906982422;14.42514038085938;rejstříková;gymnazium-zakladni-skola-a-materska-skola-pro-sluchove-postizene-jecna-27-530-praha-2;Veřejná;;;;;
238;Mateřská škola A & T;U Bečvy 2883/2;Přerov;75000;ol;49.45268630981445;17.40899658203125;rejstříková;materska-skola-a-t-u-becvy-2883-2-prerov;Soukromá;;;;;
239;Mateřská škola a Speciálně pedagogické centrum Jihlava;Demlova 28;Jihlava;58601;vy;49.40064239501953;15.60919284820557;rejstříková;materska-skola-a-specialne-pedagogicke-centrum-jihlava-demlova-28-jihlava;Veřejná;;;;;
247;Mateřská škola a Základní škola při dětské léčebně;;Křetín 12;67962;jm;49.56612396240234;16.50943565368652;rejstříková;materska-skola-a-zakladni-skola-pri-detske-lecebne-kretin-12;Veřejná;;;;;
248;Mateřská škola a Základní škola pro sluchově postižené;Novoměstská 21;Brno;62100;jm;49.24214935302734;16.58791160583496;rejstříková;materska-skola-a-zakladni-skola-pro-sluchove-postizene-novomestska-21-brno;Veřejná;;;;;
249;Mateřská škola a Základní škola pro tělesně postižené;Kociánka 6;Brno;61200;jm;49.22620010375977;16.60351562500000;rejstříková;materska-skola-a-zakladni-skola-pro-telesne-postizene-kocianka-6-brno;Veřejná;;;;;
252;Mateřská škola a základní škola speciální Diakonie ČCE Praha 4;V Zápolí 21/1250;Praha 4 - Michle;14100;ph;50.04907989501953;14.46734237670898;rejstříková;materska-skola-a-zakladni-skola-specialni-diakonie-cce-praha-4-v-zapoli-21-1250-praha-4-michle;Soukromá;;;;;
253;Mateřská škola a základní škola speciální Diakonie ČCE Praha 5;Vlachova 1502;Praha 5 - Stodůlky;15500;ph;50.04899978637695;14.30952644348145;rejstříková;materska-skola-a-zakladni-skola-specialni-diakonie-cce-praha-5-vlachova-1502-praha-5-stodulky;Soukromá;;;;;
257;Mateřská škola a Základní škola;Herbenova 4;Břeclav;69003;jm;48.76938247680664;16.88809776306152;rejstříková;materska-skola-a-zakladni-skola-herbenova-4-breclav;Veřejná;;;;;
259;Mateřská škola a Základní škola;náměstí B. Martinů 5;Hodonín;69503;jm;48.85757827758789;17.10801696777344;rejstříková;materska-skola-a-zakladni-skola-namesti-b-martinu-5-hodonin;Veřejná;;;;;
260;Mateřská škola a Základní škola;Školní 3208;Kyjov;69701;jm;49.02443695068359;17.12048912048340;rejstříková;materska-skola-a-zakladni-skola-skolni-3208-kyjov;Veřejná;;;;;
262;Mateřská škola a Základní škola;třída Čs. armády 925;Tábor;39003;jc;49.19475936889648;14.71580314636230;rejstříková;materska-skola-a-zakladni-skola-trida-cs-armady-925-tabor;Veřejná;;;;;
692;Mateřská škola Eliška;Elišky Krásnohorské 8;Opava;74601;ms;49.93022918701172;17.88786697387695;rejstříková;materska-skola-eliska-elisky-krasnohorske-8-opava;Veřejná;;;;;
991;Mateřská škola Klíček;Einsteinova 2849;Karviná - Hranice;73301;ms;49.86643600463867;18.55851745605469;rejstříková;materska-skola-klicek-einsteinova-2849-karvina-hranice;Veřejná;;;;;
1002;Mateřská škola Klubíčko Tlumačov;U Trojice 336;Tlumačov;76362;zl;49.25797271728516;17.50819587707520;rejstříková;materska-skola-klubicko-tlumacov-u-trojice-336-tlumacov;Soukromá;;;;;
1142;Mateřská škola Laudova se speciálními třídami;Laudova 3/1030;Praha 6 - Řepy;16300;ph;50.06560134887695;14.31388950347900;rejstříková;materska-skola-laudova-se-specialnimi-tridami-laudova-3-1030-praha-6-repy;Městská;;;;;
1200;Mateřská škola logopedická;Na Robinsonce 1646;Ostrava - Poruba;70800;ms;49.84650802612305;18.17674827575684;rejstříková;materska-skola-logopedicka-na-robinsonce-1646-ostrava-poruba;Veřejná;;;;;
1201;Mateřská škola logopedická;U Školky 1621;Ostrava-Poruba;70800;ms;49.84339523315430;18.18073844909668;rejstříková;materska-skola-logopedicka-u-skolky-1621-ostrava-poruba;Veřejná;;;;;
1305;Mateřská škola Milíčův dům;Sauerova 2/1836;Praha 3;13000;ph;50.08376312255859;14.46185016632080;rejstříková;materska-skola-milicuv-dum-sauerova-2-1836-praha-3;Veřejná;;;;;
1467;Mateřská škola Olomouc;Blanická 16;Olomouc;77200;ol;49.59490966796875;17.27429008483887;rejstříková;materska-skola-olomouc-blanicka-16-olomouc;Veřejná;;;;;
1589;Mateřská škola Pastelka;Horní 195;Ústí nad Labem;40331;ul;50.68112182617188;14.11375713348389;rejstříková;materska-skola-pastelka-horni-195-usti-nad-labem;Veřejná;;;;;
1609;Mateřská škola Písnička Krupka;Dukelských hrdinů 295;Krupka;41742;ul;50.68677139282227;13.88251495361328;rejstříková;materska-skola-pisnicka-krupka-dukelskych-hrdinu-295-krupka;Veřejná;;;;;
1727;Mateřská škola pro zrakově postižené;Zachariášova 5;České Budějovice;37004;jc;48.98745727539062;14.46924018859863;rejstříková;materska-skola-pro-zrakove-postizene-zachariasova-5-ceske-budejovice;Veřejná;;;;;
1728;Mateřská škola pro zrakově postižené;Mozartova 2/1092;Havířov - Město;73601;ms;49.78152847290039;18.44146537780762;rejstříková;materska-skola-pro-zrakove-postizene-mozartova-2-1092-havirov-mesto;Veřejná;;;;;
1849;Mateřská škola se speciální třídou Bohumín;Nerudova 1040;Bohumín - Nový Bohumín;73581;ms;49.90691375732422;18.35281372070312;rejstříková;materska-skola-se-specialni-tridou-bohumin-nerudova-1040-bohumin-novy-bohumin;Veřejná;;;;;
1850;Mateřská škola se speciální třídou pro děti s vadami řeči Pacov;Za Branou 870;Pacov;39501;vy;49.47677230834961;15.00375366210938;rejstříková;materska-skola-se-specialni-tridou-pro-deti-s-vadami-reci-pacov-za-branou-870-pacov;Veřejná;;;;;
1851;Mateřská škola se speciální třídou pro děti s vadami řeči;Švermova 11/666;Brno;62500;jm;49.16762924194336;16.57079124450684;rejstříková;materska-skola-se-specialni-tridou-pro-deti-s-vadami-reci-svermova-11-666-brno;Veřejná;;;;;
1852;Mateřská škola se speciálními třídami Duha;Trojdílná 18/1117;Praha 5 - Košíře;15000;ph;50.06660461425781;14.35943317413330;rejstříková;materska-skola-se-specialnimi-tridami-duha-trojdilna-18-1117-praha-5-kosire;Veřejná;;;;;
1853;Mateřská škola se speciálními třídami Kamenice nad Lipou;Na Besídce 632;Kamenice nad Lipou;39470;vy;49.30075836181641;15.07115745544434;rejstříková;materska-skola-se-specialnimi-tridami-kamenice-nad-lipou-na-besidce-632-kamenice-nad-lipou;Veřejná;;;;;
1857;Mateřská škola se zdravotnickou péčí;Ke Splavu 1568;Frýdek-Místek;73802;ms;49.66866683959961;18.35636901855469;rejstříková;materska-skola-se-zdravotnickou-peci-ke-splavu-1568-frydek-mistek;Soukromá;;;;;
1880;Mateřská škola Domeček;Sídliště 429;Toužim;36401;kv;50.06169128417969;12.98537445068359;rejstříková;materska-skola-domecek-sidliste-429-touzim;Veřejná;;;;;
1962;Mateřská škola Sovička;Antonína Sovy 1740;Česká Lípa;47001;lb;50.69181823730469;14.52591896057129;rejstříková;materska-skola-sovicka-antonina-sovy-1740-ceska-lipa;Městská;;;;;
1963;Mateřská škola speciální Jablonec nad Nisou;Palackého 37/2482;Jablonec nad Nisou;46601;lb;50.73185729980469;15.16890811920166;rejstříková;materska-skola-specialni-jablonec-nad-nisou-palackeho-37-2482-jablonec-nad-nisou;Městská;;;;;
1964;Mateřská škola speciální Kladno;Moskevská 3083;Kladno;27204;sc;50.13866424560547;14.07447910308838;rejstříková;materska-skola-specialni-kladno-moskevska-3083-kladno;Veřejná;;;;;
1965;Mateřská škola speciální Louny;Školní 2428;Louny;44001;ul;50.35042572021484;13.80114555358887;rejstříková;materska-skola-specialni-louny-skolni-2428-louny;Veřejná;;;;;
1966;Mateřská škola speciální Semily;Na Olešce 433;Semily;51301;lb;50.59972381591797;15.32874298095703;rejstříková;materska-skola-specialni-semily-na-olesce-433-semily;Městská;;;;;
1967;Mateřská škola speciální Sluníčko;Deylova 3;Praha 5;15000;ph;50.07189178466797;14.34868335723877;rejstříková;materska-skola-specialni-slunicko-deylova-3-praha-5;Veřejná;;;;;
1968;Speciální mateřská škola Demonstrenes;Mírová 2820/2;Ústí nad Labem;40011;ul;50.68309783935547;14.03146076202393;rejstříková;specialni-materska-skola-demonstrenes-mirova-2820-2-usti-nad-labem;Soukromá;;;;;
1969;Mateřská škola speciální;Šmilovského 543;Mladá Boleslav;29301;sc;50.41505050659180;14.91499137878418;rejstříková;materska-skola-specialni-smilovskeho-543-mlada-boleslav;Veřejná;;;;;
1970;Mateřská škola speciální;Na Lysinách 6/41;Praha 4;14700;ph;50.02048873901367;14.40911006927490;rejstříková;materska-skola-specialni-na-lysinach-6-41-praha-4;Veřejná;;;;;
1971;Mateřská škola speciální - Drahaňská;Drahaňská 7;Praha 8;18100;ph;50.14347839355469;14.42590045928955;rejstříková;materska-skola-specialni-drahanska-drahanska-7-praha-8;Veřejná;;;;;
1972;Mateřská škola speciální;Štíbrova 1691;Praha 8;18200;ph;50.12732696533203;14.46290302276611;rejstříková;materska-skola-specialni-stibrova-1691-praha-8;Veřejná;;;;;
1973;Mateřská škola speciální;Hradební 67;Příbram I;26101;sc;49.69086074829102;14.00928306579590;rejstříková;materska-skola-specialni-hradebni-67-pribram-i;Veřejná;;;;;
1974;Mateřská škola speciální;Petra Hrubého 1676;Slaný;27401;sc;50.23354339599609;14.07166194915771;rejstříková;materska-skola-specialni-petra-hrubeho-1676-slany;Veřejná;;;;;
1975;Mateřská škola speciální;Na Struze 124;Trutnov;54101;hk;50.55940628051758;15.91333770751953;rejstříková;materska-skola-specialni-na-struze-124-trutnov;Veřejná;;;;;
1976;Mateřská škola Zdravíčko;Malátova 12;Ústí nad Labem;40011;ul;50.67100906372070;14.03987312316895;rejstříková;materska-skola-zdravicko-malatova-12-usti-nad-labem;Veřejná;;;;;
1977;Mateřská škola speciální Domeček;Štefánikova 761/14;Ústí nad Labem;40001;ul;50.66949081420898;14.01677227020264;rejstříková;materska-skola-specialni-domecek-stefanikova-761-14-usti-nad-labem;Veřejná;;;;;
1978;Mateřská škola speciální;Litvínovská 300/7;Praha 9 - Střížkov;19000;ph;50.12235260009766;14.48664093017578;rejstříková;materska-skola-specialni-litvinovska-300-7-praha-9-strizkov;Veřejná;;;;;
1979;Mateřská škola speciální, základní škola speciální a Praktická škola ELPIS;Koperníkova 2/4;Brno;61500;jm;49.20233154296875;16.63872146606445;rejstříková;materska-skola-specialni-zakladni-skola-specialni-a-prakticka-skola-elpis-kopernikova-2-4-brno;Veřejná;;;;;
1981;Mateřská škola speciální;Studentská 1416;Žatec;43801;ul;50.32238006591797;13.55027294158936;rejstříková;materska-skola-specialni-studentska-1416-zatec;Veřejná;;;;;
2342;Mateřská škola Víska se speciální třídou;Víska 50;Chotěboř;58301;vy;49.77081680297852;15.65568256378174;rejstříková;materska-skola-viska-se-specialni-tridou-viska-50-chotebor;Veřejná;;;;;
2565;Mateřská škola;Svatopluka Čecha 345;Chrudim 3;53701;pb;49.94764328002930;15.79499340057373;rejstříková;materska-skola-svatopluka-cecha-345-chrudim-3;Veřejná;;;;;
2607;Mateřská škola;Sídlištní 3969/2;Hodonín;69504;jm;48.86093521118164;17.13503456115723;rejstříková;materska-skola-sidlistni-3969-2-hodonin;Veřejná;;;;;
2649;Mateřská škola;Karla Čapka 12a;Krnov;79401;ms;50.08903121948242;17.68755531311035;rejstříková;materska-skola-karla-capka-12a-krnov;Veřejná;;;;;
2806;Mateřská škola;Buková 26/2518;Praha 3;13000;ph;50.09050750732422;14.49745082855225;rejstříková;materska-skola-bukova-26-2518-praha-3;Veřejná;;;;;
2869;Mateřská škola speciální;Korycanská 14/395;Praha 8 - Čimice;18100;ph;50.13774490356445;14.43619441986084;rejstříková;materska-skola-specialni-korycanska-14-395-praha-8-cimice;Veřejná;;;;;
2915;Mateřská škola Sloupno;Sloupno 69;Sloupno;50353;hk;50.25708007812500;15.50150585174561;rejstříková;materska-skola-sloupno-sloupno-69-sloupno;Veřejná;;;;;
2920;Mateřská škola Slunečnice;Markovická 621/9;Hradec Králové;50003;hk;50.21840667724609;15.84881591796875;rejstříková;materska-skola-slunecnice-markovicka-621-9-hradec-kralove;Veřejná;;;;;
2988;Mateřská škola, základní škola a dětský domov Ivančice;Široká 42;Ivančice;66491;jm;49.10171127319336;16.36890029907227;rejstříková;materska-skola-zakladni-skola-a-detsky-domov-ivancice-siroka-42-ivancice;Veřejná;;;;;
2989;Mateřská škola,  základní škola a praktická škola Daneta;Uhelná 1;Hradec Králové;50003;hk;50.21515274047852;15.84771156311035;rejstříková;materska-skola-zakladni-skola-a-prakticka-skola-daneta-uhelna-1-hradec-kralove;Soukromá;;;;;
2990;Mateřská škola, základní škola a praktická škola při centru ARPIDA;U Hvízdala 9;České Budějovice;37011;jc;48.99815368652344;14.44440460205078;rejstříková;materska-skola-zakladni-skola-a-prakticka-skola-pri-centru-arpida-u-hvizdala-9-ceske-budejovice;Soukromá;;;;;
2991;Mateřská škola, základní škola a praktická škola;Štefánikova 2;Boskovice;68001;jm;49.49476242065430;16.66197204589844;rejstříková;materska-skola-zakladni-skola-a-prakticka-skola-stefanikova-2-boskovice;Veřejná;;;;;
2994;Mateřská škola, základní škola a praktická škola;Nové Město 228;Trhové Sviny;37401;jc;48.83969497680664;14.64129161834717;rejstříková;materska-skola-zakladni-skola-a-prakticka-skola-nove-mesto-228-trhove-sviny;Veřejná;;;;;
2995;Mateřská škola, základní škola a praktická škola;Sídliště Osvobození 681/55;Vyškov;68201;jm;49.28266906738281;16.98241043090820;rejstříková;materska-skola-zakladni-skola-a-prakticka-skola-sidliste-osvobozeni-681-55-vyskov;Veřejná;;;;;
2997;Mateřská škola, základní škola a střední škola pro sluchově postižené;Riegrova 1;České Budějovice;37001;jc;48.97879028320312;14.47445583343506;rejstříková;materska-skola-zakladni-skola-a-stredni-skola-pro-sluchove-postizene-riegrova-1-ceske-budejovice;Veřejná;;;;;
2998;Mateřská škola, základní škola a střední škola pro sluchově postižené;Vsetínská 454;Valašské Meziříčí;75714;zl;49.43720626831055;17.98668670654297;rejstříková;materska-skola-zakladni-skola-a-stredni-skola-pro-sluchove-postizene-vsetinska-454-valasske-mezirici;Veřejná;;;;;
2999;Mateřská škola Slezské diakonie;Frýdecká 34;Český Těšín;73701;ms;49.74081039428711;18.61337661743164;rejstříková;materska-skola-slezske-diakonie-frydecka-34-cesky-tesin;Církevní;;;;;
5998;Mateřská škola speciální Slezské diakonie;Nerudova 1041;Bohumín;73581;ms;49.90714263916016;18.35158157348633;rejstříková;materska-skola-specialni-slezske-diakonie-nerudova-1041-bohumin;Církevní;;;;;
3000;Mateřská škola, základní škola speciální a praktická škola Diakonie ČCE Rolnička Soběslav;Mrázkova 700;Soběslav;39201;jc;49.26372146606445;14.70560455322266;rejstříková;materska-skola-zakladni-skola-specialni-a-prakticka-skola-diakonie-cce-rolnicka-sobeslav-mrazkova-700-sobeslav;Soukromá;;;;;
3020;Modrý klíč - základní škola speciální a mateřská škola speciální;Smolkova 567/2;Praha 4 - Kamýk;14200;ph;50.00836944580078;14.44920158386230;rejstříková;modry-klic-zakladni-skola-specialni-a-materska-skola-specialni-smolkova-567-2-praha-4-kamyk;Soukromá;;;;;
3022;Odborná škola, základní škola a mateřská škola Zbůch;V Sídlišti 349;Zbůch;33022;pl;49.68326568603516;13.23672103881836;rejstříková;odborna-skola-zakladni-skola-a-materska-skola-zbuch-v-sidlisti-349-zbuch;Krajská;;;;;
5971;Pink Crocodile mateřská školka speciální;Havířovská 476;Praha 9;19900;ph;50.13472747802734;14.50798320770264;rejstříková;pink-crocodile-materska-skolka-specialni-havirovska-476-praha-9;Soukromá;;;;;
3051;Soukromá mateřská škola, základní škola a střední škola Slunce;Hornická 410;Stochov;27303;sc;50.14570236206055;13.95281600952148;rejstříková;soukroma-materska-skola-zakladni-skola-a-stredni-skola-slunce-hornicka-410-stochov;Soukromá;;;;;
3052;Soukromá základní škola a mateřská škola;Volgogradská 2/2633;Ostrava - Zábřeh;70030;ms;49.79337310791016;18.22932052612305;rejstříková;soukroma-zakladni-skola-a-materska-skola-volgogradska-2-2633-ostrava-zabreh;Soukromá;;;;;
3054;Speciální mateřská škola Svitavy;Československé armády 1645/9;Svitavy;56802;pb;49.75504684448242;16.46383285522461;rejstříková;specialni-materska-skola-svitavy-ceskoslovenske-armady-1645-9-svitavy;Veřejná;;;;;
3055;Speciální mateřská škola Třebíč;Družstevní 1079;Třebíč;67401;vy;49.20569610595703;15.87889194488525;rejstříková;specialni-materska-skola-trebic-druzstevni-1079-trebic;Veřejná;;;;;
3057;Speciální mateřská škola, základní škola a praktická škola Pardubice;Klášterní 52;Pardubice;53002;pb;50.03863525390625;15.78058147430420;rejstříková;specialni-materska-skola-zakladni-skola-a-prakticka-skola-pardubice-klasterni-52-pardubice;Veřejná;;;;;
3059;Speciální základní škola a mateřská škola Ústí nad Orlicí;Lázeňská 206;Ústí nad Orlicí;56201;pb;49.96876144409180;16.39167404174805;rejstříková;specialni-zakladni-skola-a-materska-skola-usti-nad-orlici-lazenska-206-usti-nad-orlici;Veřejná;;;;;
3060;Speciální základní škola a Mateřská škola;U Červeného kostela 110;Teplice;41502;ul;50.65365219116211;13.83889293670654;rejstříková;specialni-zakladni-skola-a-materska-skola-u-cerveneho-kostela-110-teplice;Veřejná;;;;;
3061;Speciální základní škola a Mateřská škola;Horská 160;Trutnov;54102;hk;50.58860397338867;15.88331222534180;rejstříková;specialni-zakladni-skola-a-materska-skola-horska-160-trutnov;Veřejná;;;;;
3062;Speciální základní škola a Mateřská škola;T. G. Masaryka 1804;Varnsdorf;40747;ul;50.91034698486328;14.62740612030029;rejstříková;specialni-zakladni-skola-a-materska-skola-t-g-masaryka-1804-varnsdorf;Veřejná;;;;;
3063;Speciální základní škola a Speciální mateřská škola;Teplická 65;Děčín IX - Bynov;40505;ul;50.78102874755859;14.14903736114502;rejstříková;specialni-zakladni-skola-a-specialni-materska-skola-teplicka-65-decin-ix-bynov;Veřejná;;;;;
3064;Speciální základní škola a Speciální mateřská škola;Trnovanská 1331;Teplice;41501;ul;50.64891052246094;13.85251998901367;rejstříková;specialni-zakladni-skola-a-specialni-materska-skola-trnovanska-1331-teplice;Veřejná;;;;;
3065;Speciální základní škola, mateřská škola a praktická škola Moravská Třebová;Komenského 287;Moravská Třebová;57101;pb;49.76012420654297;16.66263580322266;rejstříková;specialni-zakladni-skola-materska-skola-a-prakticka-skola-moravska-trebova-komenskeho-287-moravska-trebova;Veřejná;;;;;
3066;Speciální základní škola, mateřská škola a praktická škola;Pod Parkem 2788;Ústí nad Labem;40011;ul;50.68056869506836;14.02903175354004;rejstříková;specialni-zakladni-skola-materska-skola-a-prakticka-skola-pod-parkem-2788-usti-nad-labem;Veřejná;;;;;
3068;Střední škola, základní škola a mateřská škola Jistota;Tetín 1/1506;Prostějov;79601;ol;49.46649169921875;17.11200714111328;rejstříková;stredni-skola-zakladni-skola-a-materska-skola-jistota-tetin-1-1506-prostejov;Soukromá;;;;;
3070;Střední škola, základní škola a mateřská škola pro sluchově postižené;Kosmonautů 4;Olomouc;77200;ol;49.58908462524414;17.26514053344727;rejstříková;stredni-skola-zakladni-skola-a-materska-skola-pro-sluchove-postizene-kosmonautu-4-olomouc;Veřejná;;;;;
3071;Střední škola, základní škola a mateřská škola pro sluchově postižené;Holečkova 4;Praha 5;15000;ph;50.07600021362305;14.39825153350830;rejstříková;stredni-skola-zakladni-skola-a-materska-skola-pro-sluchove-postizene-holeckova-4-praha-5;Veřejná;;;;;
3072;Střední škola, základní škola a mateřská škola pro sluchově postižené;Výmolova 169;Praha 5;15000;ph;50.05675888061523;14.39299774169922;rejstříková;stredni-skola-zakladni-skola-a-materska-skola-pro-sluchove-postizene-vymolova-169-praha-5;Veřejná;;sluchove postizení;skola@vymolova.cz;http://www.sksp.org/;251554763
3073;Střední škola, základní škola a mateřská škola pro zrakově postižené;Kamenomlýnská 2;Brno;60300;jm;49.19552993774414;16.57116317749023;rejstříková;stredni-skola-zakladni-skola-a-materska-skola-pro-zrakove-postizene-kamenomlynska-2-brno;Veřejná;;zrakove postizeni;sekretariat@sss-ou.cz;http://www.sss-ou.cz/;543212531
3074;Mateřská škola Prostějov;Mozartova 30;Prostějov;79601;ol;49.46512603759766;17.10950088500977;rejstříková;materska-skola-prostejov-mozartova-30-prostejov;Veřejná;3-8 rokov;telesne, sluchove, kombinovane, mentalne, tele;skolka.sbor@gmail.com;http://zvsiou.pvskoly.cz/ms.html;582344324
3075;Střední škola, základní škola a mateřská škola speciální;Františka Diepolta 1576;Rakovník;26901;sc;50.09994506835938;13.74149608612061;rejstříková;stredni-skola-zakladni-skola-a-materska-skola-specialni-frantiska-diepolta-1576-rakovnik;Krajská;2-7;logopedicke, kombinovane;zsrako@zsrako.cz;http://www.zsrako.cz/;313512273
3076;Střední škola, základní škola a mateřská škola Šumperk;Hanácká 3;Šumperk;78701;ol;49.96482086181641;16.96936988830566;rejstříková;stredni-skola-zakladni-skola-a-materska-skola-sumperk-hanacka-3-sumperk;Veřejná;;logopedicke zrakove, sluchove, teslenim, mentalnim, autistickeho spektra;zssumperk@seznam.cz;http://www.zssumperk.cz/;583 21 64 62
3077;Střední škola, základní škola a mateřská škola;8. pěšího pluku 821;Frýdek-Místek;73802;ms;49.67797088623047;18.34374809265137;rejstříková;stredni-skola-zakladni-skola-a-materska-skola-8-pesiho-pluku-821-frydek-mistek;Veřejná;;autistickeho spektra, mentalni, kombinovane;ruzovka@ruzovka.eu;http://www.ruzovka.eu/;558 433 525
3078;Střední škola, základní škola a mateřská škola;Štefánikova 549/27;Hradec Králové;50011;hk;50.18409729003906;15.83768749237061;rejstříková;stredni-skola-zakladni-skola-a-materska-skola-stefanikova-549-27-hradec-kralove;Veřejná;3-7;sluchove, logopedicke, kombinovane;info@neslhk.com;http://neslhk.com/;495 272 398
3080;Mateřská škola a Základní škola při Fakultní nemocnici Královské Vinohrady;Šrobárova 50;Praha 10;10000;ph;50.07624435424805;14.47541427612305;rejstříková;materska-skola-a-zakladni-skola-pri-fakultni-nemocnici-kralovske-vinohrady-srobarova-50-praha-10;Veřejná;;autistickeho spektra;sps.chotounska@zris.mepnet.cz;http://www.chotounska.cz/;274774948
3084;Škola Jaroslava Ježka - Mateřská škola pro zrakově postižené;Loretánská 17;Praha 1;11800;ph;50.08834075927734;14.39276409149170;rejstříková;skola-jaroslava-jezka-materska-skola-pro-zrakove-postizene-loretanska-17-praha-1;Veřejná;;zmazat;ms.parlerova@centrum.cz;http://www.msparlerova.cz/;233353535
3093;Základní škola a Mateřská škola - Dětské centrum Hranice;Struhlovsko 1424;Hranice;75301;ol;49.55331420898438;17.72797203063965;rejstříková;zakladni-skola-a-materska-skola-detske-centrum-hranice-struhlovsko-1424-hranice;Soukromá;;kombinovane;hranice.detske@centrum.cz;http://www.detskecentrumhranice.cz/;581604317
3563;Základní škola a Mateřská škola Josefa Zemana;Jiráskova 461;Náchod;54701;hk;50.41601562500000;16.15725708007812;rejstříková;zakladni-skola-a-materska-skola-josefa-zemana-jiraskova-461-nachod;Veřejná;2-6;hospitalizovane deti;ivo.feistauer@zsjzemana.cz;http://www.zsjzemana.cz/;491422910
3747;Základní škola a Mateřská škola logopedická Olomouc;třída Svornosti 37/900;Olomouc;77900;ol;49.59304046630859;17.23485183715820;rejstříková;zakladni-skola-a-materska-skola-logopedicka-olomouc-trida-svornosti-37-900-olomouc;Veřejná;;logopedicke, kom;skola@logopaed.cz;http://www.logopaed.cz/;585158920
3748;Základní škola a mateřská škola logopedická;Veslařská 234;Brno;63700;jm;49.19646453857422;16.56517219543457;rejstříková;zakladni-skola-a-materska-skola-logopedicka-veslarska-234-brno;Veřejná;;logopedicke;milada.kondlerova@zslogo.cz;http://www.zslogo.cz/;543235206
3830;Základní škola a Mateřská škola Mohelnice;Masarykova 4;Mohelnice;78985;ol;49.77405548095703;16.92062950134277;rejstříková;zakladni-skola-a-materska-skola-mohelnice-masarykova-4-mohelnice;Veřejná;3-6;specialni potreby;specskolymohelnice@quick.cz;http://szm-mohelnice.cz/materska-skola/;583430046
3842;Základní škola a Mateřská škola Motýlek;Smetanova 1122;Kopřivnice;74221;ms;49.58958435058594;18.14066696166992;rejstříková;zakladni-skola-a-materska-skola-motylek-smetanova-1122-koprivnice;Veřejná;;Postižení;detske-centrum@nettle.cz;http://www.detske-centrum.cz/;556810242
3859;Základní škola a mateřská škola Naděje;Škarabelova 562;Frýdek-Místek;73801;ms;49.68902969360352;18.34864616394043;rejstříková;zakladni-skola-a-materska-skola-nadeje-skarabelova-562-frydek-mistek;Veřejná;;Zdravotne postižení;zsnadeje@seznam.cz;https://nadejems.webnode.cz;558633480
4072;Základní škola a Mateřská škola při Fakultní nemocnici Olomouc;I. P. Pavlova 6;Olomouc;77520;ol;49.74761962890625;16.86781501770020;rejstříková;zakladni-skola-a-materska-skola-pri-fakultni-nemocnici-olomouc-i-p-pavlova-6-olomouc;Veřejná;;telesne, kombinovane, adhd,DMo,Downuv syndrom;petrui@fnol.cz;http://www.msmosnerova.estranky.cz/;585854444
4073;Základní škola a Mateřská škola při Fakultní nemocnici;Sokolská 581;Hradec Králové;50005;hk;50.20042800903320;15.82695388793945;rejstříková;zakladni-skola-a-materska-skola-pri-fakultni-nemocnici-sokolska-581-hradec-kralove;Veřejná;;nemocnica;szsfnhk@volny.cz;https://www.fnhk.cz/skola/materska-skola;495832407
4074;Základní škola a Mateřská škola při Fakultní nemocnici;alej Svobody 80;Plzeň;32300;pl;49.76232528686523;13.38023757934570;rejstříková;zakladni-skola-a-materska-skola-pri-fakultni-nemocnici-alej-svobody-80-plzen;Krajská;;Nemocnica;zsfn@cmail.cz;http://www.skola-pri-fn-plzen.cz/;377103138
4075;Základní škola a Mateřská škola při FN Motol;V Úvalu;Praha 5 - Motol;15500;ph;50.07311248779297;14.34018325805664;rejstříková;zakladni-skola-a-materska-skola-pri-fn-motol-v-uvalu-praha-5-motol;Veřejná;;nemocnica;sps.v_uvalu@zris.mepnet.cz;;224435700
4076;Základní škola a Mateřská škola při Hamzově odborné léčebně pro děti a dospělé Luže;Košumberk 37;Luže;53854;pb;49.90748977661133;16.02431488037109;rejstříková;zakladni-skola-a-materska-skola-pri-hamzove-odborne-lecebne-pro-deti-a-dospele-luze-kosumberk-37-luze;Veřejná;;Nemocnica;speczsluze@seznam.cz;http://zsluzekosumberk.cz/;469671338
4077;Základní škola a Mateřská škola při lázních;Lázeňská 573;Bludov;78961;ol;49.94041442871094;16.91044998168945;rejstříková;zakladni-skola-a-materska-skola-pri-laznich-lazenska-573-bludov;Veřejná;;nemocnica;skola@zslaznebludov.cz;http://www.zslaznebludov.cz/;583284804
4078;Základní škola a Mateřská škola při lázních;Lázeňská 240;Velké Losiny;78815;ol;50.03316497802734;17.03644943237305;rejstříková;zakladni-skola-a-materska-skola-pri-laznich-lazenska-240-velke-losiny;Veřejná;;nemocnica;zs.lazne.losiny@seznam.cz;http://www.spec-zs.cz/;583394011
4079;Základní škola a Mateřská škola při Léčebně dr. L. Filipa;nám.T.G.Masaryka 482;Poděbrady;29001;sc;50.14676666259766;15.11978244781494;rejstříková;zakladni-skola-a-materska-skola-pri-lecebne-dr-l-filipa-nam-t-g-masaryka-482-podebrady;Veřejná;;Nemocnica;filip.podebrady@tiscali.cz;http://www.detska-lecebna.cz/?id=863&c=371;325612907
4080;Základní škola a Mateřská škola při Nemocnici Na Bulovce;Budínova 2/67;Praha 8 - Libeň;18081;ph;50.11546325683594;14.46435070037842;rejstříková;zakladni-skola-a-materska-skola-pri-nemocnici-na-bulovce-budinova-2-67-praha-8-liben;Veřejná;;nemocnica;info@skolabulovka.cz;http://www.skolabulovka.cz/;266082328
4081;Základní škola a mateřská škola při nemocnici;Chomutovská 1289;Kadaň;43201;ul;50.38854598999023;13.27294349670410;rejstříková;zakladni-skola-a-materska-skola-pri-nemocnici-chomutovska-1289-kadan;Veřejná;;nemocnica;kancelar@zvskadan.cz;http://www.zvskadan.cz/;474335409
4082;Základní škola a Mateřská škola při nemocnici;Husova 357/10;Liberec;46001;lb;50.77069854736328;15.06367778778076;rejstříková;zakladni-skola-a-materska-skola-pri-nemocnici-husova-357-10-liberec;Krajská;;nemocnica;spzs.nemocnice@seznam.cz;http://www.zsnemlib-spc.cz/;485312875
4083;Základní škola a Mateřská škola při o. p. s. Olivově dětské léčebně;Olivova 224;Říčany;25101;sc;49.99030685424805;14.68950271606445;rejstříková;zakladni-skola-a-materska-skola-pri-o-p-s-olivove-detske-lecebne-olivova-224-ricany;Veřejná;;nemocnica;skola.olivovna@seznam.cz;http://www.olivovna.eu/;323631120
4084;Základní škola a Mateřská škola při Priessnitzových léčebných lázních a.s.;Kalvodova 360;Jeseník;79003;ol;50.23503494262695;17.18567466735840;rejstříková;zakladni-skola-a-materska-skola-pri-priessnitzovych-lecebnych-laznich-a-s-kalvodova-360-jesenik;Veřejná;;nemocnica;reditel@zspll.cz;http://www.zspll.cz/;584401407
4085;Základní škola a Mateřská škola při Sanatoriu Edel Zlaté Hory;Lázeňská 491;Zlaté Hory;79376;ol;50.25214004516602;17.39086341857910;rejstříková;zakladni-skola-a-materska-skola-pri-sanatoriu-edel-zlate-hory-lazenska-491-zlate-hory;Veřejná;;nemocnica;zs@speleoterapie.cz;http://www.zssanatoriumedelzh.cz/;584425239
4086;Základní škola a mateřská škola při sanatoriu;Javorník 46;Stachy;38473;jc;49.11816024780273;13.64962768554688;rejstříková;zakladni-skola-a-materska-skola-pri-sanatoriu-javornik-46-stachy;Soukromá;;nemocnica;specs.javornik@seznam.cz;-;720475577
4087;Základní škola a Mateřská škola při Thomayerově nemocnici;Vídeňská 800;Praha 4 - Krč;14000;ph;50.03725433349609;14.45427131652832;rejstříková;zakladni-skola-a-materska-skola-pri-thomayerove-nemocnici-videnska-800-praha-4-krc;Veřejná;;nemocnica;sps.videnska_zs@zris.mepnet.cz;http://www.skolaftn.cz/;261082374
4088;Základní škola a Mateřská škola při Všeobecné fakultní nemocnici;Ke Karlovu 2;Praha 2;12000;ph;50.06995391845703;14.42859268188477;rejstříková;zakladni-skola-a-materska-skola-pri-vseobecne-fakultni-nemocnici-ke-karlovu-2-praha-2;Veřejná;;nemocnica;skolavfn@seznam.cz;http://zsvfn2.sweb.cz/;224967699
4089;Základní škola a Mateřská škola při zdravotnickém zařízení Kroměříž;Havlíčkova 1265;Kroměříž;76701;zl;49.29375839233398;17.37894821166992;rejstříková;zakladni-skola-a-materska-skola-pri-zdravotnickem-zarizeni-kromeriz-havlickova-1265-kromeriz;Veřejná;;nemocnica;spec.skoly.zdrav@worldonline.cz;http://www.skolazzkromeriz.cz/;573343400
4090;Základní škola a mateřská škola při zdravotnických zařízeních Karlovy Vary;Bezručova 19;Karlovy Vary;36066;kv;50.23364639282227;12.87433815002441;rejstříková;zakladni-skola-a-materska-skola-pri-zdravotnickych-zarizenich-karlovy-vary-bezrucova-19-karlovy-vary;Veřejná;??;Nemocnica;-;-;353115344
4091;Mateřská škola při nemocnici Třebíč;Purkyňovo náměstí 134/3;Třebíč;67401;vy;49.21219635009766;15.88943672180176;rejstříková;materska-skola-pri-nemocnici-trebic-purkynovo-namesti-134-3-trebic;Veřejná;;nemocnica;naseskolicka@seznam.cz;http://www.skolyzz.cz/;736648179
4096;Základní škola a Mateřská škola pro sluchově postižené Plzeň - Mohylová;Mohylová 90;Plzeň;31200;pl;49.75204849243164;13.42204380035400;rejstříková;zakladni-skola-a-materska-skola-pro-sluchove-postizene-plzen-mohylova-mohylova-90-plzen;Krajská;;sluchove postizení;reditel@sluchpost-plzen.cz;http://www.sluchpost-plzen.cz/;378609939
4097;Základní škola a Mateřská škola pro tělesně postižené;Lužická 920/7;Liberec;46001;lb;50.77711868286133;15.05551815032959;rejstříková;zakladni-skola-a-materska-skola-pro-telesne-postizene-luzicka-920-7-liberec;Krajská;;telesne;sstp_lbc@volny.cz;http://www.zsprotp-liberec.cz/;485110677
4098;Mateřská škola pro zrakově postižené a vady řeči - Lazaretní;Lazaretní 25;Plzeň;31200;pl;49.76014709472656;13.41378402709961;rejstříková;materska-skola-pro-zrakove-postizene-a-vady-reci-lazaretni-lazaretni-25-plzen;Krajská;;zrakove, recove;zrak@volny.cz;http://www.zrak-plzen.cz/;377261780
4099;Základní škola a Mateřská škola Prointepo;Hrubínova 1458;Hradec Králové;50002;hk;50.19961166381836;15.81416702270508;rejstříková;zakladni-skola-a-materska-skola-prointepo-hrubinova-1458-hradec-kralove;Soukromá;;telesne, kombinovane;prointepo@prointepo.org;http://www.prointepo.org/;495538989
4243;Základní škola a Mateřská škola speciální Kroměříž;F. Vančury 3695;Kroměříž;76701;zl;49.30090332031250;17.37742996215820;rejstříková;zakladni-skola-a-materska-skola-specialni-kromeriz-f-vancury-3695-kromeriz;Veřejná;;mentalne, kombinovane, autistickeho spektra;msazskm@msazskm.cz;http://www.msazskm.cz/;573338534
4244;Základní škola a Mateřská škola speciální Uherské Hradiště;Šafaříkova 961;Uherské Hradiště;68601;zl;49.06493377685547;17.46340942382812;rejstříková;zakladni-skola-a-materska-skola-specialni-uherske-hradiste-safarikova-961-uherske-hradiste;Veřejná;;Mentalne, kombinovane, telesne, smyslově, autistickeho spektra;zsmssuh@zsmssuh.cz;http://www.zsmssuh.cz/;572552888
4245;Základní škola a Mateřská škola speciální;Plzeňská 90;Králův Dvůr;26701;sc;49.94183731079102;14.02706718444824;rejstříková;zakladni-skola-a-materska-skola-specialni-plzenska-90-kraluv-dvur;Veřejná;;Nenajdene;ms-spec-kraluvdvur@tiscali.cz;http://www.specmskraluvdvur.cz;311637086
4663;Základní škola a Mateřská škola;Kamenná 404/4;Jablonec nad Nisou;46601;lb;50.72356796264648;15.17137813568115;rejstříková;zakladni-skola-a-materska-skola-kamenna-404-4-jablonec-nad-nisou;Veřejná;;nenajden;zskamennajbc@seznam.cz;http://www.zskamennajbc.cz;483319948
4716;Základní škola a Mateřská škola;Purkyňova 2138/16;Nový Jičín;74101;ms;49.58993530273438;18.00676918029785;rejstříková;zakladni-skola-a-materska-skola-purkynova-2138-16-novy-jicin;Veřejná;Asi zmazat;;;;
4775;Základní škola a Mateřská škola Strakonice;Plánkova 430;Strakonice;38601;jc;49.26561355590820;13.90253925323486;rejstříková;zakladni-skola-a-materska-skola-strakonice-plankova-430-strakonice;Veřejná;;mentalne, kombinovane, telesne, autistickeho spektra;info@zmskolast.cz;http://www.zmskolast.cz/;383332861
4790;Základní škola a Mateřská škola Tachov;Slovenská 969;Tachov;34701;pl;49.79843139648438;12.63707828521729;rejstříková;zakladni-skola-a-materska-skola-tachov-slovenska-969-tachov;Veřejná;;mentalne, recove;reditelstvi@skolatachov.cz;http://www.skolatachov.cz/;
4813;Základní škola a Mateřská škola praktická;Krkonošská 230;Vrchlabí;54301;hk;50.63052749633789;15.60609245300293;rejstříková;zakladni-skola-a-materska-skola-prakticka-krkonosska-230-vrchlabi;Veřejná;;Nenašla som;zsamsvrchlabi.reditel@seznam.cz;zsamsvrchlabi.reditel@seznam.cz;499421127
4841;Základní škola logopedická a Mateřská škola logopedická;Choustníkovo Hradiště 161;Choustníkovo Hradiště;54442;hk;50.42171096801758;15.88015842437744;rejstříková;zakladni-skola-logopedicka-a-materska-skola-logopedicka-choustnikovo-hradiste-161-choustnikovo-hradiste;Veřejná;;logopedicke;zslogo@specskola.cz;http://www.specskola.cz/;499392806
4842;Základní škola logopedická a Mateřská škola logopedická;Sasanková 2903/12;Praha 10 - Záběhlice;10600;ph;50.05472946166992;14.50861358642578;rejstříková;zakladni-skola-logopedicka-a-materska-skola-logopedicka-sasankova-2903-12-praha-10-zabehlice;Veřejná;;logopedicke;reditelka@logopedickaskola.cz;http://www.logopedickaskola.cz/;272652612
4850;Základní škola praktická a mateřská škola speciální Pardubice;A. Krause 2344;Pardubice;53002;pb;50.02117156982422;15.75742626190186;rejstříková;zakladni-skola-prakticka-a-materska-skola-specialni-pardubice-a-krause-2344-pardubice;Veřejná;;specialni potreby;zvsakr@supce.cz;http://www.skolakr.cz/;466303757
4853;Základní škola praktická, základní škola speciální a mateřská škola speciální Kladno;Pařížská 2199;Kladno - Kročehlavy;27201;sc;50.13676071166992;14.13453292846680;rejstříková;zakladni-skola-prakticka-zakladni-skola-specialni-a-materska-skola-specialni-kladno-parizska-2199-kladno-krocehlavy;Veřejná;;zrakove, sluchove, tělesne, mentalne, logopedicke, poruchy autistickeho spektra;koralek.kladno@volny.cz;http://www.koralekkladno.cz/;312684369
4854;Základní škola při zdravotnickém zařízení a Mateřská škola při zdravotnickém zařízení Klimkovice;Hýlov 24;Klimkovice;74284;ms;49.80669403076172;18.09832191467285;rejstříková;zakladni-skola-pri-zdravotnickem-zarizeni-a-materska-skola-pri-zdravotnickem-zarizeni-klimkovice-hylov-24-klimkovice;Veřejná;;;;;
4855;Základní škola při zdravotnickém zařízení a Mateřská škola při zdravotnickém zařízení;Olomoucká 88/305;Opava;74601;ms;49.93259429931641;17.87755203247070;rejstříková;zakladni-skola-pri-zdravotnickem-zarizeni-a-materska-skola-pri-zdravotnickem-zarizeni-olomoucka-88-305-opava;Veřejná;;;;;
4856;Základní škola pro sluchově postižené a Mateřská škola pro sluchově postižené Ostrava-Poruba;Spartakovců 1153;Ostrava-Poruba;70800;ms;49.83238601684570;18.18089294433594;rejstříková;zakladni-skola-pro-sluchove-postizene-a-materska-skola-pro-sluchove-postizene-ostrava-poruba-spartakovcu-1153-ostrava-poruba;Veřejná;;;;;
4857;Základní škola pro žáky se specifickými poruchami učení a mateřská škola logopedická Schola Viva;Erbenova 16;Šumperk;78701;ol;49.96944427490234;16.96776008605957;rejstříková;zakladni-skola-pro-zaky-se-specifickymi-poruchami-uceni-a-materska-skola-logopedicka-schola-viva-erbenova-16-sumperk;Soukromá;;;;;
4865;Základní škola speciální a mateřská škola speciální Jilemnice;Roztocká 994;Jilemnice;51401;lb;50.60225677490234;15.51175117492676;rejstříková;zakladni-skola-specialni-a-materska-skola-specialni-jilemnice-roztocka-994-jilemnice;Veřejná;;;;;
4866;Základní škola speciální a Mateřská škola speciální;Komenského 64/509;Nový Jičín;74101;ms;49.59635162353516;18.01711845397949;rejstříková;zakladni-skola-specialni-a-materska-skola-specialni-komenskeho-64-509-novy-jicin;Veřejná;;;;;
4867;Základní škola speciální a mateřská škola speciální;Kosmonautů 1641;Turnov;51101;lb;50.58877563476562;15.14208316802979;rejstříková;zakladni-skola-specialni-a-materska-skola-specialni-kosmonautu-1641-turnov;Veřejná;;;;;
4868;Základní škola speciální a Mateřská škola;Palachova 4881;Chomutov;43003;ul;50.46224594116211;13.39864253997803;rejstříková;zakladni-skola-specialni-a-materska-skola-palachova-4881-chomutov;Veřejná;;;;;
4883;Základní škola, mateřská škola a praktická škola Karlovy Vary;Vančurova 83;Karlovy Vary;36017;kv;50.24803924560547;12.83938789367676;rejstříková;zakladni-skola-materska-skola-a-prakticka-skola-karlovy-vary-vancurova-83-karlovy-vary;Veřejná;;;;;
4884;Základní škola, mateřská škola a praktická škola Kolín;Kutnohorská 179;Kolín;28002;sc;50.02655029296875;15.20537948608398;rejstříková;zakladni-skola-materska-skola-a-prakticka-skola-kolin-kutnohorska-179-kolin;Veřejná;;;;;
4887;Základní škola, mateřská škola speciální a praktická škola Jesenice;Plzeňská 63;Jesenice;27033;sc;50.09614562988281;13.46974182128906;rejstříková;zakladni-skola-materska-skola-specialni-a-prakticka-skola-jesenice-plzenska-63-jesenice;Veřejná;;;;;
4888;Základní škola, mateřská škola speciální, dětský domov Nymburk;Palackého třída 515;Nymburk;28802;sc;50.19142913818359;15.04382896423340;rejstříková;zakladni-skola-materska-skola-specialni-detsky-domov-nymburk-palackeho-trida-515-nymburk;Veřejná;;;;;
4889;Mateřská škola při nemocnici;Boženy Němcové 452/10;Mladá Boleslav;29301;sc;50.41736602783203;14.91018962860107;rejstříková;materska-skola-pri-nemocnici-bozeny-nemcove-452-10-mlada-boleslav;Veřejná;;;;;
5927;Mateřská školka Zvídálek;K Horkám 40;Praha 10 - Hostivař;10200;ph;50.04468536376953;14.51933574676514;;materska-skolka-zvidalek-k-horkam-40-praha-10-hostivar;Soukromá;Jesle;;;;
5282;Integrační školička Smíšek;Pešlova 359/18;Praha 9 - Vysočany;19000;ph;50.11177444458008;14.50137042999268;;integracni-skolicka-smisek-peslova-359-18-praha-9-vysocany;Soukromá;;;;;
6110;Školička SÁMOVKA;Křenova 15;Praha 6 - Petřiny;16000;ph;50.08914947509766;14.34374713897705;;skolicka-samovka-krenova-15-praha-6-petriny;Soukromá;;;;;
5358;Základní škola a Mateřská škola pro sluchově postižené Liberec;Elišky Krásnohorské 921/22;Liberec 14;46014;lb;50.78424453735352;15.07732772827148;rejstříková;zakladni-skola-a-materska-skola-pro-sluchove-postizene-liberec-elisky-krasnohorske-921-22-liberec-14;Veřejná;;;;;
5369;Mateřská škola speciální Jablonec nad Nisou;U Přehrady 3196/4;Jablonec nad Nisou;46601;lb;50.73197937011719;15.17331790924072;rejstříková;materska-skola-specialni-jablonec-nad-nisou-u-prehrady-3196-4-jablonec-nad-nisou;Veřejná;;;;;
5378;Mateřská škola, základní škola a praktická škola ČB - Boženy Němcové;Boženy Němcové 54;České Budějovice;37001;jc;48.96046447753906;14.47010803222656;rejstříková;materska-skola-zakladni-skola-a-prakticka-skola-cb-bozeny-nemcove-bozeny-nemcove-54-ceske-budejovice;Veřejná;;;;;
5408;Mateřská škola při fakultní nemocnici Brno;Černopolní 212/9;Brno;61300;jm;49.20370864868164;16.61802291870117;rejstříková;materska-skola-pri-fakultni-nemocnici-brno-cernopolni-212-9-brno;Veřejná;;;;;
5409;Mateřská škola a základní škola Barvička;Barvičova 45/54;Brno;60200;jm;49.19795989990234;16.58079338073730;rejstříková;materska-skola-a-zakladni-skola-barvicka-barvicova-45-54-brno;Veřejná;;;;;
5410;Základní a praktická škola Hustopeče;Šafaříkova 999/24;Hustopeče;69301;jm;48.94506072998047;16.73524284362793;rejstříková;zakladni-a-prakticka-skola-hustopece-safarikova-999-24-hustopece;Veřejná;;;;;
5411;Mateřská škola speciální Ibsenova;Ibsenova 797/1a;Brno;63800;jm;49.22964859008789;16.61801147460938;rejstříková;materska-skola-specialni-ibsenova-ibsenova-797-1a-brno;Veřejná;;;;;
5412;Mateřská škola logopedická Rosice;Smetanova 964;Rosice;66501;jm;49.18153762817383;16.39651489257812;rejstříková;materska-skola-logopedicka-rosice-smetanova-964-rosice;Veřejná;;;;;
5413;Základní škola a mateřská škola logopedická;Veslařská 339/234;Brno - Kohoutovice;63700;jm;49.19646453857422;16.56517219543457;rejstříková;zakladni-skola-a-materska-skola-logopedicka-veslarska-339-234-brno-kohoutovice;Veřejná;;;;;
5414;Mateřská škola při nemocnici Znojmo;Doktor Medicíny Jana Janského 2675/11;Znojmo;66902;jm;48.86944198608398;16.05080223083496;rejstříková;materska-skola-pri-nemocnici-znojmo-doktor-mediciny-jana-janskeho-2675-11-znojmo;Veřejná;;;;;
5447;Mateřská škola při nemocnici Chrudim;Václavská 570;Chrudim;53701;pb;49.94226837158203;15.80736064910889;rejstříková;materska-skola-pri-nemocnici-chrudim-vaclavska-570-chrudim;Veřejná;;;;;
5448;Mateřská škola při Psychiatrické nemocnici Havlíčkův Brod;Rozkošská 2329;Havlíčkův Brod;58001;vy;49.61464309692383;15.56103610992432;rejstříková;materska-skola-pri-psychiatricke-nemocnici-havlickuv-brod-rozkosska-2329-havlickuv-brod;Veřejná;;;;;
5449;Mateřská škola při nemocnici Nové Město na Moravě;Žďárská 603;Nové Město na Moravě;59231;vy;49.56162261962891;16.06303405761719;rejstříková;materska-skola-pri-nemocnici-nove-mesto-na-morave-zdarska-603-nove-mesto-na-morave;Veřejná;;;;;
5450;Mateřská škola při nemocnici Pelhřimov;Slovanského Bratrství 710;Pelhřimov;39301;vy;49.43351364135742;15.22984790802002;rejstříková;materska-skola-pri-nemocnici-pelhrimov-slovanskeho-bratrstvi-710-pelhrimov;Veřejná;;;;;
5451;Mateřská škola při nemocnici Jihlava;Vrchlického 4630/59;Jihlava;58601;vy;49.39759063720703;15.57091236114502;rejstříková;materska-skola-pri-nemocnici-jihlava-vrchlickeho-4630-59-jihlava;Veřejná;;;;;
5452;Mateřská škola při nemocnici Havlíčkův Brod;Husova 2120;Havlíčkův Brod;58001;vy;49.60918045043945;15.57219505310059;rejstříková;materska-skola-pri-nemocnici-havlickuv-brod-husova-2120-havlickuv-brod;Veřejná;;;;;
5465;Dětský svět Kladruby;Kladruby 30;Kladruby;34901;sc;49.69477844238281;12.91999435424805;;detsky-svet-kladruby-kladruby-30-kladruby;Soukromá;;;;;
5491;MŠ při nemocnici Kolín;Žižkova 146;Kolín;28002;sc;50.01959991455078;15.19663906097412;rejstříková;ms-pri-nemocnici-kolin-zizkova-146-kolin;Veřejná;;;;;
5541;Odborná škola, základní škola a mateřská škola Zbůch - Plzeň;Macháčkova 904/43;Plzeň 3;31800;pl;49.74484252929688;13.32612323760986;rejstříková;odborna-skola-zakladni-skola-a-materska-skola-zbuch-plzen-machackova-904-43-plzen-3;Krajská;;;;;
5542;Mateřská škola pro zrakově postižené a vady řeči - Ke Špitálskému lesu;Ke Špitálskému lesu 1050/3;Plzeň 4;31200;pl;49.74911880493164;13.41981220245361;rejstříková;materska-skola-pro-zrakove-postizene-a-vady-reci-ke-spitalskemu-lesu-ke-spitalskemu-lesu-1050-3-plzen-4;Veřejná;;;;;
5545;1. Mateřská škola při zdravotnickém zařízení;Kaštanová 268;Třinec;73961;ms;49.67475509643555;18.69071197509766;rejstříková;1-materska-skola-pri-zdravotnickem-zarizeni-kastanova-268-trinec;Veřejná;;;;;
5564;Mateřská škola při Dětském centru Ostrůvek;Mošnerova 1;Olomouc;77901;ol;49.58127975463867;17.23306083679199;;materska-skola-pri-detskem-centru-ostruvek-mosnerova-1-olomouc;Veřejná;;;;;
5565;Základní škola a Mateřská škola Hranice;Dvořákovo stromořadí 1100;Hranice;75301;ol;49.53610992431641;17.74356842041016;;zakladni-skola-a-materska-skola-hranice-dvorakovo-stromoradi-1100-hranice;Veřejná;;;;;
5567;Speciální Základní škola a Speciální Mateřská škola Děčín;U nemocnice 2;Děčín II;40502;ul;50.78096771240234;14.22410488128662;rejstříková;specialni-zakladni-skola-a-specialni-materska-skola-decin-u-nemocnice-2-decin-ii;Veřejná;;;;;
5568;Mateřská škola při zdravotnickém zařízení Rumburk;U Nemocnice 1298/6;Rumburk;40801;ul;50.94871520996094;14.54748344421387;rejstříková;materska-skola-pri-zdravotnickem-zarizeni-rumburk-u-nemocnice-1298-6-rumburk;Veřejná;;;;;
5572;Dětské studio Pohádka;Bobkova 777/2;Praha 14 - Černý most;19800;ph;50.10647964477539;14.58045673370361;;detske-studio-pohadka-bobkova-777-2-praha-14-cerny-most;Soukromá;;;;;
5573;Speciální mateřská škola Sevřená - Jedličkův ústav;Sevřená 1770/12;Praha 4;14000;ph;50.05478286743164;14.43742942810059;rejstříková;specialni-materska-skola-sevrena-jedlickuv-ustav-sevrena-1770-12-praha-4;Veřejná;;;;;
5604;Speciální Mateřská škola a jesle Srdíčko;Revoluční 1845/30;Litoměřice;41201;sc;50.54518508911133;14.12747955322266;;specialni-materska-skola-a-jesle-srdicko-revolucni-1845-30-litomerice;Veřejná;Jesle;;;;
5668;Mateřská škola Řezáčova - Školička u Lesa;Řezáčova 3/804;Brno;62400;jm;49.22397994995117;16.55776405334473;rejstříková;materska-skola-rezacova-skolicka-u-lesa-rezacova-3-804-brno;Veřejná;;;;;
5715;Mateřská škola Pohádka Brno;Bratří Pelíšků 7;Brno;62800;jm;49.20170593261719;16.69599533081055;rejstříková;materska-skola-pohadka-brno-bratri-pelisku-7-brno;Veřejná;;;;;
5753;Základní škola, Mateřská škola a Dětský domov Zábřeh;Sušilova 40;Zábřeh;78901;ol;49.88728332519531;16.86818313598633;rejstříková;zakladni-skola-materska-skola-a-detsky-domov-zabreh-susilova-40-zabreh;Veřejná;;;;;
5754;ZŠ a MŠ Kaňka;Helsinská 2731;Tábor;39005;jc;49.38773345947266;14.68868160247803;rejstříková;zs-a-ms-kanka-helsinska-2731-tabor;Soukromá;;;;;
5802;ZŠ a MŠ prof. V. Vejdovského pro zrakově postižené;Tomkova 42;Olomouc;77900;ol;49.60326004028320;17.23847579956055;rejstříková;zs-a-ms-prof-v-vejdovskeho-pro-zrakove-postizene-tomkova-42-olomouc;Veřejná;;;;;
5889;MŠ Srdíčko;Bezručova 752;Jirkov;43111;ul;50.49657440185547;13.44444084167480;;ms-srdicko-bezrucova-752-jirkov;Městská;;;;;
5921;Školička Alma Klecany;Do Klecánek 133;Klecany;25067;sc;50.17714309692383;14.41730022430420;;skolicka-alma-klecany-do-klecanek-133-klecany;Soukromá;;;;;
5997;Mateřská škola speciální;Horova 654;Karviná;73401;ms;49.85212707519531;18.56062507629395;rejstříková;materska-skola-specialni-horova-654-karvina;Církevní;;;;;
6044;Florentinum - Britská školka a jesle;Na Florenci 2116/15;Praha 1 - Nové Město;11000;ph;50.08866882324219;14.43555068969727;rejstříková;florentinum-britska-skolka-a-jesle-na-florenci-2116-15-praha-nove-mesto;Soukromá;Jesle;;;;
6151;CPD Vodníček;Vltavanů 229;Praha 4 - Braník;14200;ph;50.02824020385742;14.40363979339600;;cpd-vodnicek-vltavanu-229-praha-4-branik;CPD;;;;;
6156;Logodráček s. r. o.;Novoveská 322/5;Praha 5 - Jinonice;15800;ph;50.04835128784180;14.36308002471924;;logodracek-s-r-o-novoveska-322-5-praha-5-jinonice;Soukromá;;;;;